Type,Name,Request Count,Failure Count,Median Response Time,Average Response Time,Min Response Time,Max Response Time,Average Content Size,Requests/s,Failures/s,50%,66%,75%,80%,90%,95%,98%,99%,99.9%,99.99%,100%
GET,handshake,7048,0,390.0,397.3377822990908,243.08874500002275,968.1755560000056,61.678348467650395,120.07770510495926,0.0,390,420,430,450,480,510,570,620,760,970,970
,Aggregated,7048,0,390.0,397.3377822990908,243.08874500002275,968.1755560000056,61.678348467650395,120.07770510495926,0.0,390,420,430,450,480,510,570,620,760,970,970
